{"cameraMode":{"drawMode":0,"name":"Shaded","section":"Shading Mode"},"sceneLighting":true,"audioPlay":false,"sceneViewState":{"showFog":true,"showMaterialUpdate":false,"showSkybox":true,"showFlares":true,"showImageEffects":true,"showParticleSystems":true,"showVisualEffectGraphs":true,"m_FxEnabled":true},"in2DMode":false,"pivot":{"x":-0.9290856122970581,"y":5.279346942901611,"z":-9.208182334899903},"rotation":{"x":0.23113304376602174,"y":-0.22184601426124574,"z":-0.054235100746154788,"w":-0.9457750916481018},"size":0.7141428589820862,"orthographic":false}